{"time_interval": {"1m": [0.2318181818181818, 0.5971156796563363, 0.5454545454545454, 0.8800738007380073, 0.29187071498530853, 0.591267434808975, 0.2923875432525952, 0.10714867285458395], "5m": [0.2026578073089701, 0.5851063829787234, 0.3891050583657588, 0.7219343696027632, 0.2383838383838384, 0.5952712100139081, 0.25925925925925924, 0.6050420168067226], "15m": [0.1358695652173913, 0.45360824742268047, 0.20606060606060606, 0.6164874551971326, 0.13897280966767375, 0.4649859943977591, 0.1001926782273603, 0.5029585798816567]}, "volatility": {"less": [0.5971156796563363, 0.5851063829787234, 0.45360824742268047, 0.8800738007380073, 0.7219343696027632, 0.6164874551971326, 0.591267434808975, 0.5952712100139081, 0.4649859943977591, 0.10714867285458395, 0.6050420168067226, 0.5029585798816567], "more": [0.2318181818181818, 0.2026578073089701, 0.1358695652173913, 0.5454545454545454, 0.3891050583657588, 0.20606060606060606, 0.29187071498530853, 0.2383838383838384, 0.13897280966767375, 0.2923875432525952, 0.25925925925925924, 0.1001926782273603]}}