{"BTCUSDT": {"accuracy": 0.9850190839694657, "recall": 0.6172839506172839, "precision": 0.2840909090909091, "interval": "5m", "f1": 0.3891050583657588}, "ETHUSDT": {"accuracy": 0.9846374045801527, "recall": 0.836, "precision": 0.6352583586626139, "interval": "5m", "f1": 0.7219343696027632}}